"","sex","race","Age","maritalstatus","PlaceLived16","Region16","BornHere","HighestDegree","colltype","income","hrsLastWk","jobstatus","selfEmploy","GovOrPriv","pctColleagueWdegree","STEM"
"1","Female","White",39,"Married","0","Middle atlantic",1,"Bachelor","none",10000,13,"Working parttime",0,"Private",75,"0"
"3","Male","White",17,"Married","Big-city suburb","Pacific",1,"Graduate","Private",25000,35,"Working fulltime",0,"Private",72,"0"
"4","Female","Other",13,"Married","250000","Middle atlantic",1,"Junior college","Public",25000,51,"Working fulltime",0,"Private",49,"0"
"5","Female","White",11,"Never married","0","Middle atlantic",1,"Bachelor","Public",25000,35,"Working fulltime",0,"Private",75,"0"
"6","Male","White",37,"Married","Big-city suburb","Middle atlantic",1,"Junior college","Public",25000,35,"Working fulltime",0,"Government",58,"0"
"8","Male","White",40,"Married","250000","Middle atlantic",1,"Bachelor","Public",25000,35,"Working fulltime",1,"Private",88,"0"
"9","Male","White",37,"Divorced","Big-city suburb","Middle atlantic",1,"Bachelor","Public",25000,35,"Working fulltime",0,"Private",80,"0"
"13","Male","Other",23,"Married","0","Foreign",0,"Bachelor","none",25000,35,"Working fulltime",0,"Private",85,"1"
"14","Male","White",45,"Divorced","0","Middle atlantic",1,"Graduate","Private",25000,42,"Working fulltime",0,"Government",80,"0"
"15","Female","Other",12,"Married","250000","Foreign",0,"Graduate","Public",25000,35,"Working fulltime",0,"Private",66,"1"
"16","Female","White",40,"Divorced","250000","Middle atlantic",1,"Bachelor","Private",25000,57,"Working fulltime",0,"Private",66,"1"
"17","Male","White",27,"Married","Big-city suburb","Middle atlantic",1,"Bachelor","Private",25000,51,"Working fulltime",0,"Private",76,"0"
"20","Male","White",51,"Married","0","Middle atlantic",1,"Graduate","Private",25000,35,"Working fulltime",1,"Private",88,"0"
"22","Male","White",40,"Divorced","Big-city suburb","Middle atlantic",1,"Bachelor","Public",25000,46,"Working fulltime",0,"Government",12,"0"
"23","Female","White",35,"Married","0","Middle atlantic",0,"Graduate","none",25000,35,"Working fulltime",0,"Private",48,"1"
"24","Male","Other",12,"Married","Big-city suburb","Middle atlantic",0,"Junior college","none",25000,57,"Working fulltime",0,"Private",49,"0"
"26","Male","White",29,"Married","Big-city suburb","Middle atlantic",1,"Graduate","Private",25000,35,"Working fulltime",0,"Private",75,"1"
"27","Female","White",39,"Never married","50000","Middle atlantic",0,"Bachelor","Public",25000,24,"Working fulltime",0,"Private",62,"1"
"28","Male","White",34,"Never married","0","New england",1,"Graduate","Public",20000,6,"Working parttime",0,"Private",59,"0"
"29","Female","Other",15,"Never married","250000","Foreign",1,"Bachelor","Private",20000,30,"Working fulltime",0,"Private",67,"1"
"30","Female","Other",30,"Never married","50000","Foreign",0,"Graduate","Public",25000,35,"Working fulltime",0,"Government",71,"0"
"31","Female","Black",28,"Never married","250000","Middle atlantic",1,"Bachelor","Private",25000,35,"Working fulltime",0,"Government",84,"1"
"32","Male","White",52,"Married","Big-city suburb","Middle atlantic",1,"Graduate","Public",25000,29,"Working fulltime",1,"Private",83,"0"
"33","Female","White",48,"Married","50000","New england",1,"Bachelor","Private",25000,46,"Working fulltime",1,"Private",83,"0"
"34","Male","White",40,"Divorced","50000","Middle atlantic",1,"Graduate","Public",25000,66,"Working fulltime",0,"Private",81,"0"
"37","Female","White",34,"Married","0","Middle atlantic",1,"Bachelor","Public",25000,40,"Working fulltime",0,"Private",66,"0"
"38","Male","White",30,"Married","250000","Foreign",1,"Bachelor","none",25000,20,"Working fulltime",1,"Private",88,"1"
"40","Female","White",22,"Married","0","Middle atlantic",1,"Graduate","Private",25000,57,"Working fulltime",0,"Government",88,"0"
"42","Female","White",41,"Divorced","Big-city suburb","Middle atlantic",1,"Bachelor","Public",25000,61,"Working fulltime",0,"Private",85,"0"
"43","Female","Other",32,"Divorced","50000","Foreign",0,"Graduate","Private",25000,35,"Working fulltime",0,"Private",88,"1"
"45","Male","Black",24,"Married","Big-city suburb","Foreign",0,"Bachelor","Private",25000,31,"Working fulltime",0,"Government",65,"0"
"46","Male","White",28,"Never married","Big-city suburb","Middle atlantic",1,"Junior college","Public",25000,40,"Working fulltime",0,"Government",70,"0"
"47","Female","Black",10,"Married","250000","Middle atlantic",1,"Bachelor","Private",25000,84,"Other",0,"Private",80,"0"
"50","Male","White",15,"Never married","Big-city suburb","E. nor. central",0,"Graduate","Public",25000,51,"Working fulltime",0,"Private",81,"0"
"52","Female","White",15,"Married","250000","Middle atlantic",1,"Bachelor","Private",25000,32,"Working fulltime",0,"Private",48,"0"
"53","Male","White",24,"Married","Big-city suburb","Middle atlantic",1,"Bachelor","Public",25000,46,"Working fulltime",1,"Private",67,"0"
"55","Female","White",30,"Married","0","Middle atlantic",0,"Graduate","Public",10000,24,"Working parttime",0,"Government",49,"0"
"58","Male","White",25,"Married","Big-city suburb","Middle atlantic",1,"Graduate","none",25000,35,"Working fulltime",0,"Government",84,"1"
"60","Male","Black",54,"Married","250000","Middle atlantic",1,"Bachelor","Public",25000,29,"Working fulltime",0,"Private",72,"0"
"61","Male","White",46,"Married","0","New england",1,"Graduate","Public",10000,13,"Working parttime",0,"Private",46,"0"
"62","Female","White",18,"Never married","Big-city suburb","South atlantic",1,"Graduate","Private",25000,46,"Working fulltime",0,"Government",88,"0"
"66","Female","White",19,"Married","50000","Pacific",1,"Bachelor","Public",25000,27,"Working fulltime",0,"Private",48,"0"
"67","Male","Black",36,"Married","250000","Middle atlantic",0,"Bachelor","Public",25000,35,"Working fulltime",0,"Private",81,"0"
"68","Female","Black",47,"Divorced","250000","Middle atlantic",1,"Graduate","Public",25000,35,"Temp not working",0,"Government",80,"0"
"70","Female","Other",32,"Married","250000","Foreign",0,"Bachelor","none",25000,35,"Working fulltime",1,"Private",83,"0"
"71","Male","Black",61,"Divorced","250000","Pacific",1,"Bachelor","Private",3000,18,"Working parttime",1,"Private",8,"1"
"72","Male","White",23,"Married","Big-city suburb","Middle atlantic",1,"Graduate","Private",25000,57,"Working fulltime",0,"Government",88,"0"
"73","Female","Other",50,"Widowed","50000","Foreign",0,"Junior college","Public",15000,7,"Working parttime",1,"Private",72,"0"
"76","Female","Black",20,"Never married","50000","Middle atlantic",1,"Bachelor","Public",25000,30,"Working fulltime",0,"Private",49,"1"
"81","Female","White",28,"Never married","0","New england",1,"Junior college","none",25000,35,"Working fulltime",0,"Private",59,"0"
"82","Female","Other",11,"Never married","Big-city suburb","Pacific",1,"Bachelor","Public",25000,35,"Working fulltime",0,"Private",65,"0"
"86","Male","White",23,"Married","0","Foreign",0,"Graduate","none",25000,38,"Working fulltime",0,"Private",80,"0"
"87","Male","White",38,"Married","Big-city suburb","Pacific",1,"Junior college","Public",25000,46,"Working fulltime",1,"Private",49,"0"
"89","Male","Other",22,"Married","Big-city suburb","Pacific",0,"Bachelor","Private",25000,35,"Working fulltime",0,"Private",85,"1"
"91","Male","Other",14,"Never married","Big-city suburb","Pacific",0,"Bachelor","Public",8000,35,"Working fulltime",0,"Private",81,"0"
"94","Male","Black",13,"Never married","Big-city suburb","Pacific",1,"Bachelor","Public",25000,35,"Working fulltime",0,"Private",62,"0"
"96","Male","White",19,"Married","250000","Pacific",1,"Graduate","Public",25000,40,"Working fulltime",0,"Government",88,"0"
"97","Female","Other",7,"Never married","50000","Pacific",1,"Bachelor","Public",25000,35,"Working fulltime",0,"Government",67,"0"
"101","Female","Other",34,"Never married","50000","Pacific",1,"Graduate","Private",25000,57,"Working fulltime",0,"Private",75,"0"
"103","Female","White",44,"Married","50000","Pacific",1,"Graduate","Public",25000,2,"Working fulltime",0,"Government",88,"0"
"104","Male","White",15,"Never married","50000","E. nor. central",1,"Junior college","Public",25000,84,"Working fulltime",0,"Private",49,"0"
"105","Female","White",37,"Married","250000","E. nor. central",0,"Bachelor","Private",25000,35,"Working fulltime",0,"Private",46,"0"
"106","Female","Other",41,"Married","50000","Foreign",0,"Bachelor","Public",25000,46,"Working fulltime",0,"Private",46,"0"
"109","Male","White",26,"Divorced","Big-city suburb","Pacific",1,"Junior college","Public",25000,57,"Working fulltime",1,"Private",46,"1"
"111","Male","White",38,"Married","Big-city suburb","E. nor. central",1,"Bachelor","Public",25000,41,"Working fulltime",0,"Private",75,"1"
"113","Male","White",54,"Married","0","E. nor. central",1,"Bachelor","none",25000,57,"Working fulltime",1,"Government",45,"0"
"114","Male","White",38,"Married","0","E. nor. central",1,"Bachelor","Public",25000,35,"Working fulltime",0,"Private",66,"0"
"115","Female","White",29,"Married","50000","Pacific",1,"Graduate","Public",25000,35,"Working fulltime",0,"Government",88,"0"
"118","Female","Black",12,"Never married","50000","Pacific",1,"Bachelor","Public",25000,1,"Unempl, laid off",0,"Private",53,"0"
"119","Female","White",24,"Married","250000","Foreign",0,"Bachelor","none",25000,57,"Working fulltime",0,"Private",68,"0"
"121","Male","White",35,"Never married","250000","South atlantic",1,"Bachelor","Public",25000,35,"Working fulltime",0,"Private",82,"0"
"122","Female","White",48,"Widowed","Big-city suburb","Middle atlantic",1,"Bachelor","Public",20000,8,"Working parttime",0,"Government",68,"0"
"123","Male","White",21,"Married","0","Mountain",1,"Bachelor","Public",25000,43,"Working fulltime",0,"Private",88,"1"
"126","Female","Black",26,"Married","Big-city suburb","Foreign",0,"Graduate","Public",25000,84,"Keeping house",0,"Government",88,"1"
"127","Female","White",44,"Married","0","E. nor. central",1,"Bachelor","none",25000,18,"Working parttime",1,"Private",16,"0"
"129","Male","Black",43,"Married","50000","South atlantic",1,"Bachelor","Private",25000,57,"Working fulltime",1,"Private",76,"0"
"130","Male","White",22,"Married","Big-city suburb","South atlantic",1,"Bachelor","Private",25000,39,"Working fulltime",0,"Private",81,"0"
"131","Female","White",26,"Never married","250000","E. nor. central",1,"Bachelor","Public",25000,35,"Working fulltime",0,"Private",75,"0"
"132","Female","Black",36,"Divorced","50000","W. sou. central",1,"Bachelor","Private",25000,35,"Working fulltime",0,"Government",76,"0"
"135","Male","White",37,"Married","Big-city suburb","South atlantic",1,"Graduate","Private",25000,35,"Working fulltime",0,"Government",66,"0"
"136","Female","Black",31,"Separated","Big-city suburb","Middle atlantic",1,"Bachelor","none",25000,84,"Temp not working",0,"Government",72,"0"
"138","Female","Black",33,"Never married","50000","South atlantic",1,"Junior college","Public",20000,35,"Working fulltime",0,"Private",18,"1"
"140","Male","White",41,"Married","250000","E. nor. central",1,"Bachelor","Public",25000,35,"Working fulltime",0,"Government",79,"0"
"141","Female","Other",37,"Married","Big-city suburb","E. nor. central",0,"Junior college","Public",5000,26,"Working fulltime",0,"Private",46,"0"
"144","Male","White",5,"Never married","50000","New england",1,"Bachelor","Private",25000,67,"Working fulltime",0,"Private",83,"0"
"146","Male","White",24,"Married","250000","E. nor. central",0,"Bachelor","Public",25000,35,"Working fulltime",0,"Private",72,"0"
"147","Male","Black",18,"Never married","50000","W. nor. central",1,"Bachelor","Public",0,13,"Working parttime",1,"Private",49,"0"
"148","Female","White",32,"Married","Big-city suburb","New england",1,"Bachelor","Public",25000,43,"Working fulltime",0,"Private",87,"0"
"151","Female","White",61,"Married","0","New england",1,"Bachelor","Private",0,1,"Retired",0,"Private",62,"1"
"152","Male","White",33,"Married","0","W. sou. central",1,"Bachelor","Public",10000,57,"Working fulltime",0,"Private",63,"0"
"153","Female","White",52,"Never married","0","Middle atlantic",1,"Graduate","Private",10000,1,"Retired",0,"Private",83,"0"
"154","Male","White",44,"Married","0","New england",1,"Junior college","Public",25000,24,"Working parttime",0,"Private",64,"0"
"155","Male","White",20,"Married","Big-city suburb","New england",1,"Bachelor","Private",25000,84,"Temp not working",0,"Private",49,"0"
"156","Male","Other",9,"Never married","50000","Foreign",0,"Graduate","Private",25000,84,"Working fulltime",0,"Private",80,"1"
"157","Female","White",25,"Married","0","E. nor. central",1,"Graduate","Private",25000,35,"Temp not working",0,"Private",88,"0"
"161","Female","White",22,"Married","0","New england",1,"Graduate","Public",15000,13,"Working parttime",1,"Private",35,"0"
"162","Male","White",18,"Married","250000","New england",1,"Bachelor","Private",25000,57,"Working fulltime",0,"Private",80,"0"
"163","Female","White",33,"Married","50000","E. nor. central",1,"Graduate","Public",10000,84,"Other",0,"Government",80,"0"
"164","Female","White",13,"Never married","Big-city suburb","South atlantic",1,"Bachelor","none",25000,35,"Working fulltime",0,"Government",72,"0"
"165","Female","White",17,"Divorced","50000","New england",1,"Junior college","Public",25000,84,"Keeping house",0,"Private",87,"0"
"167","Male","Other",50,"Married","250000","Foreign",0,"Graduate","Public",25000,35,"Working fulltime",0,"Private",81,"1"
"169","Male","White",46,"Married","250000","South atlantic",1,"Bachelor","Public",25000,13,"Working parttime",0,"Private",55,"0"
"170","Female","White",44,"Married","Big-city suburb","Foreign",0,"Bachelor","none",1000,45,"Working parttime",1,"Private",72,"0"
"171","Male","White",32,"Married","50000","Middle atlantic",1,"Bachelor","Private",25000,46,"Working fulltime",1,"Private",83,"1"
"172","Female","Other",10,"Married","250000","Foreign",0,"Graduate","Public",25000,13,"Working parttime",0,"Private",85,"1"
"174","Female","Black",21,"Never married","50000","Foreign",0,"Junior college","Public",25000,44,"Working fulltime",0,"Private",31,"0"
"175","Female","White",14,"Never married","0","Pacific",1,"Bachelor","Public",25000,35,"Working fulltime",0,"Private",71,"0"
"176","Female","Black",53,"Widowed","0","E. nor. central",1,"Graduate","Public",15000,23,"Working parttime",0,"Private",84,"1"
"177","Male","Black",10,"Never married","Big-city suburb","South atlantic",0,"Junior college","Public",25000,35,"Working fulltime",0,"Private",39,"0"
"178","Female","Black",41,"Divorced","250000","E. nor. central",1,"Bachelor","Public",25000,8,"Working parttime",0,"Government",50,"0"
"179","Female","White",34,"Divorced","0","Foreign",0,"Graduate","Private",25000,40,"Working fulltime",0,"Government",88,"0"
"180","Male","Other",38,"Divorced","50000","Pacific",1,"Bachelor","Public",25000,37,"Working fulltime",0,"Private",54,"0"
"181","Female","Black",19,"Divorced","250000","South atlantic",1,"Graduate","Private",25000,57,"Working fulltime",0,"Government",88,"0"
"182","Male","White",11,"Never married","0","E. nor. central",0,"Bachelor","Public",25000,46,"Working fulltime",0,"Private",84,"1"
"183","Male","Other",20,"Never married","0","Foreign",0,"Graduate","none",25000,40,"Working fulltime",0,"Private",85,"1"
"184","Female","White",46,"Divorced","Big-city suburb","New england",1,"Graduate","Public",25000,1,"Unempl, laid off",0,"Private",88,"1"
"185","Male","Other",32,"Married","50000","Pacific",0,"Bachelor","Private",25000,35,"Working fulltime",0,"Private",75,"1"
"186","Male","White",46,"Never married","250000","Middle atlantic",1,"Graduate","Private",25000,35,"Working fulltime",0,"Government",3,"0"
"187","Female","White",15,"Married","0","South atlantic",1,"Bachelor","Private",25000,46,"Working fulltime",0,"Private",71,"1"
"189","Female","Black",43,"Married","0","Middle atlantic",1,"Graduate","none",25000,35,"Working fulltime",0,"Private",88,"0"
"191","Female","White",17,"Married","0","W. nor. central",1,"Bachelor","Private",25000,2,"Working fulltime",0,"Private",88,"0"
"192","Male","White",18,"Married","250000","Foreign",0,"Graduate","Private",25000,46,"Working fulltime",0,"Private",88,"0"
"193","Male","White",43,"Married","50000","Pacific",1,"Graduate","Private",15000,5,"Working parttime",1,"Private",87,"0"
"195","Female","Black",21,"Divorced","50000","Middle atlantic",1,"Bachelor","Public",25000,35,"Working fulltime",0,"Private",65,"0"
"196","Female","White",23,"Never married","Big-city suburb","Middle atlantic",1,"Bachelor","Public",25000,57,"Working fulltime",0,"Government",83,"0"
"197","Female","Black",20,"Married","50000","South atlantic",1,"Bachelor","Public",20000,7,"Working parttime",1,"Private",80,"0"
"198","Male","White",53,"Married","0","E. nor. central",1,"Bachelor","Public",5000,7,"Working parttime",1,"Private",11,"0"
"199","Male","Other",27,"Never married","50000","Middle atlantic",1,"Bachelor","Private",1000,35,"Working fulltime",0,"Private",39,"0"
"201","Female","White",31,"Never married","0","W. nor. central",1,"Bachelor","Public",25000,57,"Working fulltime",0,"Private",72,"1"
"203","Male","White",26,"Married","250000","Foreign",0,"Graduate","none",25000,46,"Working fulltime",0,"Private",81,"0"
"204","Male","White",39,"Married","0","South atlantic",1,"Graduate","Private",25000,57,"Working fulltime",0,"Government",81,"0"
"205","Male","White",41,"Divorced","250000","E. nor. central",0,"Graduate","Private",25000,51,"Working fulltime",0,"Private",84,"0"
"209","Female","White",43,"Married","50000","South atlantic",1,"Graduate","Private",25000,35,"Working fulltime",0,"Private",75,"0"
"210","Male","Other",33,"Married","50000","New england",1,"Bachelor","Private",25000,35,"Working fulltime",0,"Private",88,"0"
"212","Male","White",50,"Married","Big-city suburb","E. nor. central",1,"Graduate","Public",25000,35,"Working fulltime",0,"Private",66,"0"
"213","Female","White",36,"Divorced","250000","South atlantic",1,"Bachelor","Public",25000,32,"Working fulltime",0,"Private",71,"0"
"214","Female","White",27,"Married","0","New england",1,"Bachelor","Private",25000,51,"Working fulltime",0,"Private",75,"0"
"217","Male","White",19,"Married","0","Middle atlantic",1,"Graduate","Public",25000,36,"Working fulltime",0,"Private",76,"0"
"219","Male","White",29,"Married","Big-city suburb","Middle atlantic",1,"Bachelor","Private",25000,35,"Working fulltime",0,"Private",65,"0"
"220","Female","Other",31,"Married","250000","Foreign",0,"Graduate","none",25000,35,"Working fulltime",0,"Private",3,"0"
"221","Female","Black",37,"Divorced","250000","Middle atlantic",1,"Junior college","Public",25000,46,"Working fulltime",0,"Private",81,"1"
"222","Female","White",10,"Never married","Big-city suburb","Middle atlantic",1,"Junior college","Private",20000,37,"Working fulltime",0,"Private",20,"1"
"223","Female","White",35,"Divorced","0","New england",1,"Bachelor","Public",25000,35,"Working fulltime",0,"Government",70,"0"
"225","Female","White",22,"Married","50000","Middle atlantic",1,"Junior college","Public",15000,35,"Working fulltime",0,"Private",49,"0"
"228","Male","White",42,"Divorced","50000","New england",1,"Bachelor","Private",25000,46,"Working fulltime",0,"Private",75,"0"
"229","Female","White",30,"Married","0","Pacific",1,"Graduate","Private",25000,24,"Working fulltime",0,"Private",81,"0"
"233","Female","White",40,"Married","Big-city suburb","Pacific",1,"Graduate","Private",25000,26,"Working fulltime",0,"Private",54,"0"
"234","Male","White",27,"Married","250000","W. sou. central",1,"Graduate","Public",25000,57,"Working fulltime",0,"Private",59,"0"
"235","Female","White",23,"Married","250000","W. sou. central",0,"Junior college","Private",25000,35,"Working fulltime",0,"Private",48,"0"
"236","Male","White",37,"Married","0","New england",1,"Bachelor","Private",25000,46,"Working fulltime",1,"Private",83,"0"
"237","Male","White",46,"Widowed","Big-city suburb","E. nor. central",1,"Graduate","Private",25000,2,"Working parttime",0,"Private",88,"0"
"238","Male","White",49,"Divorced","50000","South atlantic",1,"Bachelor","Private",25000,46,"Working fulltime",1,"Private",17,"0"
"242","Female","White",17,"Divorced","250000","Foreign",0,"Graduate","Private",25000,84,"Keeping house",0,"Private",46,"0"
"244","Female","Other",39,"Married","50000","Foreign",0,"Bachelor","none",4000,46,"Working fulltime",0,"Private",72,"0"
"245","Female","Black",28,"Never married","50000","Pacific",1,"Junior college","Public",25000,37,"Working fulltime",0,"Private",83,"0"
"246","Male","Other",14,"Never married","250000","South atlantic",1,"Bachelor","Public",25000,66,"Working fulltime",1,"Government",55,"0"
"247","Female","White",26,"Never married","0","Pacific",1,"Graduate","Private",25000,57,"Working parttime",0,"Government",88,"0"
"249","Female","White",23,"Separated","50000","South atlantic",1,"Junior college","Public",25000,57,"Working fulltime",0,"Private",63,"0"
"250","Female","White",25,"Never married","50000","Pacific",1,"Bachelor","Private",25000,46,"Working fulltime",0,"Government",88,"0"
"251","Female","White",13,"Married","Big-city suburb","Middle atlantic",0,"Junior college","Private",25000,17,"Working parttime",0,"Private",87,"0"
"252","Female","White",13,"Married","Big-city suburb","Pacific",1,"Bachelor","Private",25000,35,"Working fulltime",0,"Government",55,"0"
"254","Male","White",52,"Divorced","250000","Middle atlantic",1,"Bachelor","Private",20000,1,"Retired",1,"Private",83,"0"
"255","Female","White",47,"Divorced","0","Pacific",1,"Bachelor","Public",8000,13,"Working parttime",0,"Private",34,"0"
"256","Female","Other",21,"Married","250000","Foreign",0,"Bachelor","none",25000,84,"Keeping house",1,"Private",69,"0"
"257","Female","White",25,"Divorced","0","E. nor. central",1,"Junior college","Public",5000,40,"Working fulltime",0,"Private",75,"0"
"258","Male","White",28,"Married","250000","Pacific",0,"Junior college","Public",25000,35,"Working fulltime",0,"Private",81,"0"
"262","Male","White",17,"Married","Big-city suburb","South atlantic",1,"Bachelor","Public",25000,46,"Working fulltime",0,"Private",75,"0"
"267","Male","Other",25,"Married","250000","Foreign",0,"Graduate","Private",25000,53,"Working fulltime",0,"Private",75,"1"
"268","Male","Other",25,"Married","250000","Foreign",0,"Graduate","Private",25000,73,"Working fulltime",0,"Private",81,"1"
"269","Male","Black",28,"Divorced","Big-city suburb","E. nor. central",1,"Bachelor","Private",25000,46,"Working fulltime",0,"Private",66,"1"
"270","Male","Black",13,"Never married","50000","Foreign",0,"Graduate","Public",25000,39,"Working fulltime",0,"Private",88,"1"
"271","Female","White",38,"Married","0","W. sou. central",1,"Bachelor","Private",25000,46,"Temp not working",0,"Government",88,"0"
"272","Male","White",39,"Never married","Big-city suburb","Pacific",1,"Bachelor","Public",25000,69,"Working fulltime",1,"Private",28,"0"
"274","Female","White",39,"Married","Big-city suburb","E. nor. central",1,"Bachelor","Public",15000,35,"Working fulltime",0,"Private",49,"0"
"278","Female","White",33,"Never married","50000","E. nor. central",1,"Graduate","none",25000,35,"Working fulltime",0,"Government",82,"0"
"279","Female","White",27,"Married","Big-city suburb","Middle atlantic",1,"Bachelor","Private",25000,35,"Working fulltime",0,"Private",80,"0"
"285","Female","White",44,"Married","Big-city suburb","Middle atlantic",1,"Junior college","Public",25000,84,"Other",0,"Private",54,"0"
"286","Male","White",32,"Never married","Big-city suburb","Pacific",1,"Bachelor","Private",20000,15,"Working fulltime",0,"Private",85,"0"
"287","Male","White",18,"Never married","0","Middle atlantic",1,"Graduate","Public",25000,35,"Working fulltime",0,"Private",80,"0"
"288","Female","White",15,"Married","0","Pacific",1,"Junior college","Public",25000,37,"Working fulltime",0,"Private",66,"0"
"289","Female","Black",9,"Never married","250000","Middle atlantic",1,"Junior college","Public",10000,1,"Unempl, laid off",0,"Private",68,"0"
"290","Female","White",25,"Married","50000","Middle atlantic",1,"Bachelor","Public",0,19,"Working parttime",0,"Private",34,"0"
"291","Female","Black",20,"Never married","0","Middle atlantic",1,"Bachelor","Private",25000,46,"Working fulltime",0,"Government",54,"0"
"293","Female","White",23,"Never married","Big-city suburb","Middle atlantic",1,"Graduate","Public",25000,57,"Working fulltime",0,"Private",81,"1"
"296","Male","White",34,"Divorced","Big-city suburb","W. nor. central",1,"Bachelor","Public",25000,40,"Working fulltime",1,"Private",80,"1"
"297","Male","Black",19,"Married","Big-city suburb","Foreign",0,"High school","none",10000,84,"School",0,"Private",10,"1"
"300","Male","Black",47,"Married","0","E. sou. central",1,"Bachelor","Private",25000,26,"Working fulltime",0,"Government",28,"1"
"302","Female","White",40,"Never married","50000","W. sou. central",1,"Junior college","Public",25000,51,"Working fulltime",0,"Private",69,"0"
"303","Female","White",44,"Married","250000","W. sou. central",1,"Bachelor","Public",0,72,"Working parttime",1,"Private",83,"0"
"304","Female","White",37,"Married","50000","South atlantic",1,"Graduate","Public",25000,46,"Working fulltime",0,"Government",75,"1"
"305","Female","White",26,"Married","50000","Pacific",1,"Bachelor","Public",25000,57,"Working fulltime",0,"Private",65,"0"
"306","Female","White",16,"Never married","50000","W. sou. central",1,"Bachelor","Public",25000,35,"Working fulltime",0,"Private",72,"0"
"307","Male","White",10,"Married","0","New england",1,"Bachelor","Private",25000,46,"Working fulltime",0,"Private",82,"1"
"310","Female","White",36,"Widowed","250000","Mountain",1,"Junior college","none",25000,1,"Unempl, laid off",0,"Private",46,"0"
"311","Male","Black",22,"Never married","50000","Middle atlantic",1,"Graduate","Private",25000,35,"Working fulltime",0,"Government",72,"0"
"314","Male","Other",33,"Married","Big-city suburb","Foreign",0,"Bachelor","none",8000,18,"Working parttime",0,"Private",25,"1"
"316","Female","Black",12,"Never married","50000","South atlantic",1,"Bachelor","Public",25000,17,"Working fulltime",0,"Private",53,"0"
"318","Female","Black",36,"Divorced","250000","South atlantic",1,"Bachelor","Private",25000,35,"Working fulltime",0,"Government",46,"0"
"319","Male","White",33,"Married","Big-city suburb","Mountain",1,"Bachelor","Public",25000,35,"Working fulltime",0,"Private",72,"0"
"320","Male","Other",14,"Married","50000","Foreign",0,"Graduate","Private",25000,35,"Working fulltime",0,"Private",3,"1"
"326","Male","White",14,"Never married","250000","Foreign",0,"Graduate","none",4000,46,"Working parttime",0,"Government",46,"0"
"327","Male","White",23,"Married","250000","South atlantic",0,"Graduate","Public",25000,46,"Working fulltime",0,"Private",66,"1"
"328","Male","White",57,"Never married","Big-city suburb","Middle atlantic",1,"Graduate","Private",25000,13,"Working parttime",0,"Private",59,"0"
"330","Male","White",33,"Married","250000","Foreign",0,"Bachelor","none",25000,37,"Working fulltime",0,"Private",85,"0"
"333","Female","White",25,"Divorced","50000","South atlantic",1,"Bachelor","Public",25000,46,"Working fulltime",0,"Government",88,"0"
"334","Male","White",15,"Married","50000","South atlantic",1,"Bachelor","Public",25000,43,"Working fulltime",0,"Government",67,"0"
"335","Male","White",25,"Married","Big-city suburb","South atlantic",1,"Bachelor","Private",25000,73,"Working fulltime",0,"Private",66,"0"
"340","Female","Other",19,"Married","250000","Pacific",0,"Bachelor","Public",15000,84,"Keeping house",0,"Private",46,"0"
"342","Male","White",30,"Married","Big-city suburb","E. nor. central",1,"Bachelor","Private",25000,57,"Working fulltime",0,"Private",46,"0"
"344","Female","Black",13,"Never married","Big-city suburb","E. nor. central",1,"Junior college","Public",15000,7,"Working parttime",0,"Private",46,"0"
"350","Male","White",29,"Divorced","Big-city suburb","South atlantic",1,"Bachelor","Private",25000,46,"Working fulltime",1,"Private",70,"0"
"351","Female","White",19,"Never married","0","E. nor. central",1,"Junior college","none",25000,57,"Working fulltime",0,"Private",66,"1"
"352","Female","Black",16,"Never married","250000","New england",1,"Junior college","Private",25000,41,"Working fulltime",0,"Private",80,"1"
"355","Female","White",23,"Married","250000","Pacific",1,"Bachelor","Public",25000,35,"Working fulltime",0,"Private",54,"0"
"357","Female","White",10,"Married","Big-city suburb","South atlantic",1,"Bachelor","Public",20000,46,"Working fulltime",0,"Private",83,"0"
"358","Female","White",50,"Married","Big-city suburb","Pacific",1,"Bachelor","Public",25000,35,"Temp not working",0,"Private",41,"0"
"361","Female","White",5,"Never married","Big-city suburb","E. nor. central",1,"Bachelor","Private",4000,35,"Working fulltime",0,"Private",72,"0"
"362","Female","Other",17,"Never married","250000","W. sou. central",1,"Junior college","none",25000,7,"Working parttime",0,"Private",58,"0"
"363","Female","White",17,"Never married","0","W. sou. central",1,"Bachelor","Private",25000,46,"Working fulltime",0,"Private",70,"0"
"364","Female","White",43,"Never married","50000","Mountain",1,"Graduate","Public",25000,17,"Working parttime",0,"Government",80,"0"
"365","Male","White",14,"Married","0","Pacific",1,"Junior college","Public",15000,1,"Unempl, laid off",0,"Private",28,"0"
"367","Male","White",35,"Married","50000","Foreign",1,"Graduate","Public",25000,57,"Working fulltime",0,"Government",88,"0"
"370","Female","White",23,"Married","50000","Pacific",0,"Bachelor","Private",25000,57,"Working fulltime",0,"Government",88,"0"
"371","Male","White",17,"Married","50000","Mountain",1,"Graduate","Private",25000,61,"Working fulltime",0,"Government",88,"0"
"373","Male","White",20,"Never married","250000","W. sou. central",1,"Bachelor","Public",25000,35,"Working fulltime",0,"Private",33,"1"
"374","Female","Black",5,"Never married","250000","Mountain",1,"Junior college","none",10000,17,"Working parttime",0,"Private",63,"0"
"375","Female","White",22,"Separated","Big-city suburb","Pacific",1,"Graduate","Private",25000,3,"Working parttime",0,"Private",88,"0"
"376","Male","White",8,"Married","250000","E. nor. central",1,"Bachelor","Public",25000,57,"Working fulltime",0,"Private",75,"0"
"377","Male","White",15,"Married","50000","E. nor. central",1,"Graduate","Public",25000,57,"Working fulltime",0,"Private",88,"0"
"378","Female","White",21,"Married","50000","W. sou. central",1,"Bachelor","Private",20000,21,"Working parttime",0,"Private",55,"0"
"379","Female","White",24,"Never married","250000","Mountain",1,"Bachelor","none",25000,35,"Working fulltime",0,"Government",85,"1"
"380","Female","White",10,"Never married","Big-city suburb","Mountain",1,"Bachelor","Public",10000,35,"Working fulltime",0,"Private",64,"1"
"381","Female","White",16,"Divorced","0","E. nor. central",1,"Junior college","Public",25000,57,"Working fulltime",0,"Government",63,"0"
"382","Female","White",33,"Never married","0","E. nor. central",1,"Graduate","Public",25000,84,"Temp not working",0,"Private",84,"0"
"383","Female","Other",32,"Divorced","0","Mountain",0,"Junior college","Private",25000,43,"Working fulltime",0,"Private",72,"0"
"385","Male","Black",21,"Divorced","0","E. nor. central",1,"Junior college","Public",15000,40,"Working fulltime",1,"Private",69,"0"
"387","Male","White",38,"Married","250000","E. nor. central",1,"Bachelor","Private",25000,31,"Working fulltime",0,"Private",87,"0"
"388","Male","White",34,"Married","250000","Foreign",0,"Bachelor","none",25000,40,"Working fulltime",0,"Private",72,"1"
"391","Male","White",15,"Never married","250000","Mountain",1,"Bachelor","Public",25000,51,"Working fulltime",0,"Private",57,"0"
"392","Female","White",69,"Widowed","250000","E. nor. central",1,"Bachelor","Public",25000,34,"Working parttime",0,"Private",64,"0"
"393","Female","White",19,"Married","250000","Foreign",0,"Graduate","Public",25000,51,"Working fulltime",0,"Private",83,"0"
"397","Female","White",30,"Separated","Big-city suburb","E. nor. central",1,"Graduate","Public",25000,84,"Keeping house",0,"Government",88,"0"
"398","Female","White",42,"Divorced","Big-city suburb","E. nor. central",1,"Junior college","none",25000,26,"Working fulltime",0,"Private",58,"0"
"399","Male","White",21,"Never married","0","E. nor. central",1,"Bachelor","Public",25000,29,"Working fulltime",0,"Private",66,"0"
"401","Male","White",41,"Married","250000","E. nor. central",1,"Graduate","Private",25000,46,"Working fulltime",0,"Private",66,"0"
"404","Female","White",25,"Married","0","W. nor. central",1,"Junior college","Public",25000,31,"Working fulltime",0,"Private",87,"1"
"405","Male","White",25,"Never married","Big-city suburb","E. nor. central",1,"Bachelor","Public",25000,43,"Working fulltime",0,"Private",83,"0"
"406","Male","White",48,"Married","0","Mountain",1,"Bachelor","Public",25000,57,"Working fulltime",1,"Private",46,"0"
"409","Female","White",52,"Widowed","0","Mountain",1,"Bachelor","Public",10000,1,"Retired",1,"Private",83,"0"
"411","Female","White",6,"Never married","50000","Mountain",1,"Bachelor","Public",3000,32,"Working fulltime",0,"Private",24,"1"
"412","Male","White",18,"Never married","0","E. sou. central",0,"Graduate","none",25000,40,"Working fulltime",0,"Private",83,"0"
"414","Female","White",17,"Married","Big-city suburb","E. sou. central",1,"Graduate","Public",20000,46,"Working fulltime",0,"Government",88,"0"
"415","Female","White",39,"Never married","Big-city suburb","E. nor. central",1,"Junior college","Public",10000,28,"Working fulltime",0,"Private",18,"0"
"416","Male","White",39,"Separated","50000","New england",1,"Junior college","Public",25000,35,"Working fulltime",0,"Private",27,"0"
"418","Male","White",12,"Never married","250000","New england",1,"Bachelor","Public",25000,55,"Working fulltime",0,"Government",53,"0"
"425","Male","Black",43,"Married","250000","Mountain",1,"Graduate","Public",25000,66,"Working fulltime",0,"Private",84,"1"
"426","Female","Other",40,"Married","0","E. nor. central",1,"Bachelor","Public",1000,84,"Keeping house",0,"Private",41,"0"
"427","Female","White",22,"Married","50000","Pacific",1,"Graduate","Private",25000,35,"Working fulltime",0,"Private",71,"0"
"428","Female","White",13,"Married","Big-city suburb","W. nor. central",1,"Graduate","Private",25000,46,"Working fulltime",0,"Private",68,"0"
"433","Female","White",38,"Married","Big-city suburb","W. nor. central",1,"Junior college","Private",25000,35,"Working fulltime",0,"Private",76,"0"
"436","Female","White",30,"Divorced","Big-city suburb","South atlantic",0,"Junior college","Public",25000,69,"Working fulltime",1,"Private",45,"0"
"437","Male","Other",45,"Married","250000","Middle atlantic",0,"Graduate","Public",25000,35,"Working fulltime",0,"Private",86,"0"
"438","Male","White",7,"Never married","0","Middle atlantic",1,"Bachelor","Public",6000,13,"Working parttime",0,"Private",25,"0"
"440","Female","White",24,"Married","50000","W. sou. central",1,"Bachelor","Public",25000,57,"Working fulltime",0,"Private",86,"0"
"441","Female","White",37,"Married","Big-city suburb","South atlantic",1,"Bachelor","Public",10000,1,"Unempl, laid off",0,"Government",68,"0"
"442","Female","White",11,"Married","0","Middle atlantic",1,"Graduate","Private",25000,40,"Working fulltime",0,"Government",84,"0"
"443","Male","White",40,"Widowed","Big-city suburb","Mountain",1,"Bachelor","Public",25000,35,"Working fulltime",0,"Private",49,"1"
"445","Female","Other",20,"Never married","50000","Middle atlantic",1,"Junior college","none",25000,8,"Working fulltime",0,"Government",88,"0"
"447","Female","White",8,"Divorced","Big-city suburb","South atlantic",0,"Junior college","Public",25000,35,"Working fulltime",0,"Private",70,"0"
"449","Male","White",4,"Never married","Big-city suburb","South atlantic",1,"Junior college","Public",6000,21,"Working parttime",0,"Private",30,"0"
"450","Female","White",14,"Married","0","South atlantic",1,"Graduate","Public",25000,46,"Working fulltime",0,"Government",88,"0"
"452","Male","White",32,"Married","0","South atlantic",1,"Junior college","none",25000,66,"Working fulltime",0,"Private",16,"1"
"453","Female","White",35,"Separated","Big-city suburb","South atlantic",1,"Junior college","Public",25000,84,"Working fulltime",1,"Private",13,"1"
"454","Female","White",25,"Separated","250000","South atlantic",1,"Junior college","Public",25000,35,"Working fulltime",0,"Private",58,"0"
"458","Male","White",13,"Married","0","E. sou. central",1,"Bachelor","Public",25000,43,"Working fulltime",0,"Private",80,"0"
"459","Female","Other",8,"Never married","250000","Foreign",0,"Bachelor","Public",8000,18,"Working parttime",0,"Private",34,"0"
"460","Male","White",27,"Divorced","50000","Mountain",1,"Bachelor","Private",25000,35,"Working fulltime",0,"Government",45,"0"
"462","Female","Other",15,"Never married","50000","Pacific",1,"Bachelor","none",5000,39,"Working fulltime",0,"Private",81,"0"
"463","Male","Other",17,"Never married","50000","Pacific",1,"Graduate","Public",25000,35,"Working fulltime",0,"Government",87,"0"
"466","Female","White",36,"Divorced","Big-city suburb","South atlantic",1,"Bachelor","Public",25000,61,"Working fulltime",0,"Private",75,"0"
"468","Female","White",38,"Divorced","Big-city suburb","Middle atlantic",1,"Bachelor","Private",25000,57,"Working fulltime",0,"Private",55,"0"
"469","Male","White",49,"Married","0","South atlantic",0,"Junior college","Public",25000,35,"Working fulltime",1,"Private",58,"0"
"471","Female","White",16,"Never married","Big-city suburb","Middle atlantic",1,"Bachelor","Public",25000,35,"Working fulltime",0,"Private",66,"0"
"473","Female","White",10,"Married","0","South atlantic",1,"Junior college","Public",25000,43,"Working fulltime",0,"Government",87,"0"
"475","Male","Black",34,"Never married","Big-city suburb","Middle atlantic",1,"Bachelor","Private",10000,24,"Working parttime",0,"Private",46,"0"
"479","Male","Black",39,"Married","250000","Middle atlantic",1,"Bachelor","Private",25000,35,"Working fulltime",1,"Private",67,"0"
"480","Female","Black",10,"Never married","250000","Middle atlantic",1,"Junior college","Public",10000,7,"Working parttime",0,"Private",58,"0"
"481","Male","White",31,"Married","0","South atlantic",1,"Graduate","Public",25000,24,"Working fulltime",0,"Government",88,"0"
"487","Male","Black",13,"Never married","0","South atlantic",1,"Junior college","Private",3000,84,"Keeping house",0,"Private",31,"0"
"488","Female","White",28,"Divorced","50000","Middle atlantic",1,"Junior college","Public",10000,35,"Working fulltime",0,"Government",13,"1"
"489","Female","White",25,"Married","0","E. sou. central",1,"Junior college","none",20000,35,"Working fulltime",0,"Private",28,"0"
"491","Male","Black",39,"Divorced","0","South atlantic",1,"Junior college","Private",25000,35,"Working fulltime",0,"Government",76,"0"
"494","Female","White",24,"Married","50000","South atlantic",1,"Junior college","Private",25000,79,"Working fulltime",0,"Private",76,"0"
"495","Female","Black",35,"Divorced","50000","E. sou. central",1,"Bachelor","Public",15000,1,"Retired",0,"Government",49,"0"
"497","Male","White",12,"Never married","250000","Pacific",1,"Bachelor","Private",25000,35,"Working fulltime",0,"Government",72,"0"
"502","Male","Other",22,"Married","0","E. sou. central",1,"Junior college","Public",25000,54,"Working fulltime",0,"Private",32,"0"
"503","Female","White",35,"Divorced","50000","Middle atlantic",0,"Junior college","Public",25000,31,"Working fulltime",0,"Private",87,"0"
"505","Male","White",36,"Married","0","E. nor. central",1,"Graduate","none",25000,13,"Temp not working",1,"Private",78,"0"
"506","Female","Black",45,"Married","250000","E. sou. central",1,"Graduate","Public",25000,29,"Working fulltime",1,"Private",76,"0"
"508","Male","White",35,"Married","250000","E. sou. central",1,"Bachelor","Public",25000,57,"Working fulltime",0,"Private",83,"1"
"510","Female","Black",36,"Married","250000","Foreign",0,"Graduate","none",25000,41,"Working fulltime",0,"Private",31,"0"
"511","Female","Black",15,"Married","250000","Foreign",1,"Bachelor","Public",20000,1,"Unempl, laid off",0,"Private",84,"1"
"512","Male","White",28,"Divorced","0","E. nor. central",1,"Bachelor","Public",25000,1,"Unempl, laid off",0,"Private",19,"1"
"513","Female","White",20,"Married","50000","E. sou. central",1,"Graduate","Public",25000,84,"Temp not working",0,"Government",88,"0"
"514","Female","Black",30,"Married","50000","South atlantic",1,"Graduate","Public",25000,57,"Working fulltime",0,"Government",81,"0"
"518","Male","Other",46,"Divorced","50000","Foreign",0,"Bachelor","none",4000,24,"Working parttime",1,"Private",65,"0"
"519","Male","White",37,"Married","250000","South atlantic",1,"Bachelor","Public",25000,57,"Working fulltime",0,"Private",46,"0"
"520","Female","White",38,"Married","50000","Mountain",1,"Bachelor","Public",25000,35,"Working fulltime",0,"Private",46,"0"
"521","Female","White",48,"Married","50000","Mountain",1,"Bachelor","Public",25000,46,"Working fulltime",0,"Private",75,"0"
"522","Female","White",16,"Married","50000","E. sou. central",1,"Bachelor","Public",25000,35,"Working fulltime",0,"Government",49,"0"
"524","Male","White",36,"Never married","Big-city suburb","E. nor. central",1,"Bachelor","Public",25000,57,"Working fulltime",0,"Private",66,"0"
"526","Female","White",19,"Married","Big-city suburb","E. nor. central",1,"Graduate","none",25000,35,"Working fulltime",0,"Private",83,"0"
"527","Male","White",12,"Never married","0","E. nor. central",1,"Bachelor","Private",25000,35,"Working fulltime",0,"Private",85,"0"
"528","Female","White",30,"Never married","Big-city suburb","E. nor. central",1,"Graduate","Public",25000,35,"Working fulltime",0,"Government",87,"0"
"529","Male","White",33,"Married","50000","E. nor. central",1,"Junior college","Public",25000,40,"Working fulltime",0,"Government",66,"0"
"530","Female","White",30,"Married","Big-city suburb","E. nor. central",1,"Bachelor","Public",25000,35,"Working fulltime",0,"Private",88,"0"
"532","Female","White",41,"Married","0","E. nor. central",0,"Bachelor","Public",25000,26,"Working parttime",0,"Private",87,"0"
"533","Male","White",35,"Divorced","250000","E. sou. central",1,"Bachelor","Public",25000,46,"Working fulltime",1,"Private",44,"0"
"534","Male","White",23,"Married","Big-city suburb","E. nor. central",1,"Graduate","Public",25000,46,"Working fulltime",0,"Private",3,"1"
"535","Male","White",46,"Divorced","250000","Pacific",1,"Graduate","none",25000,35,"Working fulltime",0,"Private",85,"1"
"536","Female","White",30,"Married","Big-city suburb","E. nor. central",1,"Bachelor","Private",25000,46,"Working fulltime",0,"Private",59,"1"
"539","Female","White",20,"Never married","0","Mountain",1,"Graduate","Private",10000,46,"Working fulltime",0,"Government",72,"0"
"541","Female","White",36,"Married","50000","Mountain",1,"Bachelor","Public",25000,57,"Working fulltime",0,"Government",88,"0"
"543","Female","White",25,"Married","0","South atlantic",1,"Bachelor","Public",25000,57,"Working fulltime",0,"Private",87,"0"
"544","Female","White",42,"Married","0","South atlantic",1,"Graduate","Public",25000,1,"Retired",0,"Government",88,"0"
"545","Female","White",33,"Married","50000","South atlantic",1,"Bachelor","Public",25000,35,"Working fulltime",0,"Private",62,"0"
"546","Female","White",44,"Divorced","50000","W. nor. central",1,"Bachelor","Public",25000,35,"Working fulltime",0,"Private",48,"0"
"547","Male","White",34,"Married","0","Middle atlantic",1,"Bachelor","Public",25000,54,"Working fulltime",0,"Government",88,"0"
"548","Female","White",17,"Married","Big-city suburb","E. sou. central",1,"Bachelor","Public",20000,35,"Working fulltime",0,"Private",48,"1"
"549","Male","White",13,"Married","0","Middle atlantic",1,"Bachelor","Private",25000,35,"Working fulltime",0,"Private",25,"0"
"552","Male","White",60,"Married","0","E. nor. central",1,"Graduate","Public",7000,3,"Working parttime",0,"Private",62,"0"
"553","Female","White",17,"Married","Big-city suburb","E. sou. central",1,"Bachelor","Private",20000,35,"Working fulltime",0,"Private",56,"0"
"554","Male","White",27,"Never married","250000","E. sou. central",1,"Bachelor","Public",8000,46,"Working parttime",0,"Private",72,"0"
"555","Female","White",18,"Never married","250000","E. sou. central",1,"Bachelor","Public",25000,35,"Working fulltime",0,"Private",49,"0"
"558","Female","White",29,"Married","Big-city suburb","E. nor. central",1,"Graduate","Public",15000,24,"Working parttime",0,"Private",88,"0"
"559","Female","White",25,"Married","50000","Middle atlantic",1,"Graduate","Private",25000,57,"Working fulltime",0,"Government",88,"0"
"561","Male","White",49,"Married","250000","Middle atlantic",1,"Graduate","Public",25000,1,"Retired",0,"Government",3,"0"
"562","Female","White",29,"Never married","0","E. nor. central",1,"Graduate","Public",25000,40,"Working fulltime",0,"Private",64,"0"
"563","Male","White",17,"Divorced","0","E. nor. central",1,"Junior college","Public",25000,61,"Working fulltime",0,"Private",66,"1"
"565","Male","White",16,"Never married","0","Middle atlantic",1,"Bachelor","Public",25000,35,"Working fulltime",0,"Government",49,"0"
"566","Male","White",15,"Never married","0","Middle atlantic",1,"Bachelor","Public",25000,31,"Working fulltime",0,"Private",83,"0"
"569","Male","White",22,"Married","0","Middle atlantic",1,"Graduate","Private",25000,35,"Working fulltime",0,"Government",88,"0"
"572","Female","White",31,"Married","0","E. nor. central",1,"Bachelor","Public",25000,1,"Unempl, laid off",0,"Private",82,"1"
"574","Female","Other",17,"Married","250000","Foreign",0,"Bachelor","none",20000,13,"Working fulltime",0,"Government",67,"0"
"575","Male","White",28,"Divorced","250000","E. nor. central",1,"Junior college","Public",3000,1,"Retired",0,"Private",66,"0"
"576","Male","White",28,"Married","50000","Pacific",1,"Bachelor","Public",25000,30,"Working fulltime",0,"Private",85,"0"
"578","Female","White",11,"Married","50000","E. nor. central",1,"Bachelor","none",25000,84,"Temp not working",0,"Private",87,"0"
"584","Female","White",24,"Married","Big-city suburb","Middle atlantic",1,"Graduate","Private",25000,35,"Temp not working",0,"Government",88,"0"
"588","Male","White",45,"Married","50000","Foreign",0,"Bachelor","none",25000,35,"Working fulltime",0,"Private",59,"0"
"590","Female","White",6,"Never married","Big-city suburb","W. nor. central",1,"Bachelor","Private",25000,66,"Working fulltime",0,"Private",62,"0"
"591","Male","White",47,"Divorced","0","W. nor. central",1,"Bachelor","Public",10000,7,"Working parttime",0,"Private",70,"0"
"592","Male","White",12,"Never married","0","W. nor. central",1,"Graduate","Public",25000,35,"Working fulltime",0,"Government",83,"0"
"594","Male","White",30,"Divorced","0","W. nor. central",1,"Bachelor","Public",25000,43,"Working fulltime",0,"Private",75,"0"
"595","Female","White",22,"Married","50000","W. nor. central",1,"Bachelor","Public",25000,37,"Working fulltime",0,"Private",66,"0"
"596","Female","White",33,"Never married","Big-city suburb","Foreign",1,"Graduate","Private",25000,24,"Working fulltime",1,"Private",3,"0"
"597","Female","White",43,"Married","0","South atlantic",1,"Junior college","none",25000,31,"Working fulltime",0,"Government",72,"0"
"598","Female","White",28,"Married","0","South atlantic",1,"Graduate","Private",25000,31,"Working fulltime",0,"Government",83,"0"
"600","Female","Other",31,"Married","Big-city suburb","Foreign",0,"Graduate","Public",25000,35,"Working fulltime",0,"Government",88,"1"
"601","Male","White",34,"Divorced","50000","W. sou. central",1,"Bachelor","Public",25000,35,"Working fulltime",0,"Government",3,"1"
"603","Male","White",20,"Married","Big-city suburb","Middle atlantic",1,"Bachelor","Private",25000,40,"Working fulltime",1,"Private",83,"1"
"605","Male","Black",13,"Married","250000","Foreign",0,"Graduate","none",25000,84,"School",0,"Government",3,"1"
"608","Male","White",23,"Separated","0","South atlantic",1,"Graduate","Public",25000,51,"Working fulltime",0,"Private",48,"0"
"609","Female","White",19,"Married","0","South atlantic",1,"Graduate","Public",25000,46,"Working fulltime",0,"Government",88,"0"
"610","Female","White",18,"Married","0","South atlantic",1,"Bachelor","Public",25000,61,"Working fulltime",0,"Government",88,"0"
"611","Male","White",38,"Married","0","W. sou. central",1,"Bachelor","Public",25000,35,"Working fulltime",0,"Private",70,"0"
"612","Male","Black",20,"Never married","50000","Mountain",1,"Junior college","Public",1000,84,"School",0,"Private",73,"0"
"613","Female","White",40,"Married","50000","South atlantic",1,"Junior college","Public",25000,31,"Working fulltime",0,"Government",48,"0"
"614","Male","White",41,"Married","250000","W. sou. central",1,"Graduate","Public",25000,35,"Working fulltime",0,"Government",88,"1"
"615","Male","White",37,"Married","0","E. nor. central",1,"Junior college","Public",25000,46,"Working fulltime",0,"Private",85,"0"
"620","Male","White",30,"Never married","Big-city suburb","New england",1,"Graduate","Public",25000,35,"Working fulltime",0,"Government",88,"0"
"621","Female","White",8,"Never married","250000","Mountain",1,"Junior college","Public",15000,83,"Working fulltime",0,"Private",18,"0"
"625","Female","White",38,"Married","Big-city suburb","Pacific",1,"Bachelor","Public",25000,26,"Working fulltime",0,"Private",83,"0"
"626","Female","White",31,"Divorced","50000","Foreign",1,"Graduate","none",25000,35,"Working fulltime",0,"Private",3,"1"
"629","Female","White",19,"Married","50000","South atlantic",1,"Junior college","Public",25000,46,"Working fulltime",0,"Private",58,"0"
"630","Female","White",42,"Divorced","0","South atlantic",1,"Bachelor","Public",25000,28,"Working fulltime",0,"Government",66,"0"
"633","Female","Black",13,"Married","Big-city suburb","South atlantic",1,"Bachelor","Private",25000,40,"Working fulltime",0,"Private",46,"0"
"634","Female","White",24,"Divorced","0","South atlantic",1,"Junior college","Public",25000,37,"Working fulltime",0,"Private",46,"0"
"641","Male","White",42,"Divorced","Big-city suburb","E. nor. central",1,"Bachelor","Public",25000,57,"Working fulltime",0,"Private",75,"0"
"644","Female","White",29,"Divorced","0","South atlantic",1,"Bachelor","Public",25000,46,"Working fulltime",0,"Government",87,"0"
"645","Male","White",32,"Married","Big-city suburb","Pacific",1,"Junior college","Public",25000,67,"Working fulltime",0,"Private",64,"0"
"648","Male","White",15,"Married","0","E. nor. central",1,"Graduate","Public",25000,51,"Working fulltime",0,"Government",88,"1"
"649","Male","White",33,"Married","0","Mountain",1,"Graduate","Private",25000,57,"Working fulltime",0,"Government",76,"1"
"650","Male","White",47,"Married","50000","E. sou. central",1,"Bachelor","Public",25000,35,"Working fulltime",1,"Private",81,"0"
"652","Female","Black",24,"Separated","Big-city suburb","E. sou. central",1,"Graduate","Private",25000,84,"Temp not working",0,"Government",88,"0"
"653","Male","White",39,"Married","0","Middle atlantic",1,"Graduate","Public",25000,51,"Working fulltime",0,"Private",83,"1"
"655","Female","White",48,"Married","0","Middle atlantic",1,"Junior college","Private",0,84,"Temp not working",0,"Private",80,"0"
"656","Male","White",16,"Married","50000","W. sou. central",1,"Bachelor","Private",25000,35,"Working fulltime",0,"Private",83,"0"
"660","Female","Black",22,"Divorced","Big-city suburb","W. sou. central",1,"Bachelor","Public",25000,35,"Working fulltime",0,"Government",76,"1"
"662","Male","White",17,"Married","50000","E. nor. central",1,"Graduate","Private",25000,35,"Working fulltime",0,"Government",88,"0"
"665","Female","Black",26,"Separated","Big-city suburb","E. sou. central",1,"Junior college","none",25000,61,"Working fulltime",0,"Private",50,"0"
"669","Male","Other",15,"Never married","0","Foreign",0,"Graduate","Private",15000,73,"Working fulltime",0,"Private",78,"0"
"671","Female","White",39,"Married","0","South atlantic",1,"Graduate","Public",15000,17,"Working parttime",0,"Private",87,"0"
"672","Male","White",12,"Never married","0","South atlantic",1,"Bachelor","Public",25000,51,"Working fulltime",0,"Private",62,"0"
"676","Female","White",9,"Married","0","South atlantic",1,"Bachelor","Public",25000,43,"Working fulltime",0,"Private",87,"0"
"678","Male","White",34,"Divorced","50000","South atlantic",1,"Junior college","Public",25000,39,"Working fulltime",0,"Government",75,"1"
"679","Female","White",14,"Divorced","0","W. nor. central",1,"Bachelor","Private",25000,52,"Working fulltime",0,"Government",80,"0"
"681","Male","White",27,"Married","Big-city suburb","Pacific",1,"Graduate","Public",25000,46,"Working fulltime",0,"Government",76,"0"
"682","Female","White",16,"Married","0","E. nor. central",1,"Bachelor","Private",1000,84,"Keeping house",0,"Private",49,"0"
"683","Female","White",27,"Married","50000","E. nor. central",1,"Bachelor","none",10000,29,"Working fulltime",0,"Private",34,"0"
"686","Female","White",57,"Never married","50000","E. nor. central",1,"Bachelor","Public",20000,34,"Working parttime",1,"Private",64,"1"
"690","Male","White",19,"Never married","50000","Mountain",1,"Junior college","none",10000,24,"Working parttime",0,"Private",24,"0"
"691","Male","White",39,"Married","Big-city suburb","E. nor. central",1,"Graduate","Private",25000,46,"Working fulltime",1,"Private",88,"0"
"693","Male","White",30,"Divorced","0","E. nor. central",1,"Junior college","Public",25000,69,"Working fulltime",0,"Private",45,"1"
"694","Male","White",30,"Divorced","0","W. nor. central",1,"Bachelor","Private",25000,40,"Working fulltime",0,"Private",80,"0"
"699","Female","Black",49,"Widowed","0","E. sou. central",1,"Graduate","Public",25000,73,"Working fulltime",1,"Government",88,"0"
"701","Male","White",15,"Never married","0","E. nor. central",1,"Junior college","Public",6000,84,"School",0,"Private",46,"1"
"702","Male","White",26,"Married","50000","E. nor. central",1,"Junior college","Public",25000,35,"Working fulltime",0,"Government",66,"0"
"704","Female","White",13,"Married","0","W. nor. central",1,"Bachelor","Private",10000,40,"Working fulltime",0,"Private",16,"0"
"706","Female","White",4,"Never married","0","South atlantic",1,"Junior college","Public",7000,13,"Working parttime",0,"Private",34,"0"
"707","Male","Other",17,"Never married","0","Foreign",0,"Bachelor","none",25000,35,"Working fulltime",0,"Private",8,"0"
"712","Male","White",39,"Married","0","W. nor. central",1,"Bachelor","Public",25000,46,"Working fulltime",0,"Private",62,"1"
"713","Female","White",45,"Divorced","250000","Middle atlantic",1,"Junior college","Private",25000,58,"Working fulltime",0,"Private",87,"0"
"714","Female","White",11,"Never married","0","New england",1,"Junior college","Public",20000,35,"Working fulltime",0,"Private",8,"0"
"718","Female","White",48,"Married","0","New england",1,"Graduate","Public",25000,35,"Working fulltime",0,"Government",80,"0"
"721","Female","Black",21,"Married","250000","W. sou. central",1,"Graduate","Private",25000,35,"Working fulltime",0,"Government",68,"0"
"722","Female","White",13,"Divorced","50000","W. sou. central",1,"Junior college","none",25000,40,"Working fulltime",1,"Private",28,"0"
"724","Male","White",38,"Married","50000","Mountain",1,"Bachelor","Public",25000,66,"Working fulltime",1,"Private",66,"1"
"726","Female","White",24,"Divorced","Big-city suburb","New england",1,"Graduate","Public",25000,46,"Working fulltime",0,"Government",80,"0"
"730","Female","White",26,"Divorced","0","Mountain",1,"Graduate","Public",25000,46,"Working fulltime",0,"Government",88,"1"
"732","Female","White",17,"Never married","250000","Mountain",1,"Graduate","Public",25000,46,"Working fulltime",0,"Private",82,"0"
"733","Male","Other",7,"Never married","250000","Mountain",1,"Bachelor","Public",15000,30,"Working parttime",0,"Private",23,"0"
"734","Female","White",39,"Married","0","E. nor. central",1,"Graduate","Private",25000,40,"Working fulltime",0,"Government",3,"1"
"735","Male","White",16,"Separated","Big-city suburb","Middle atlantic",1,"Bachelor","Public",25000,1,"Unempl, laid off",0,"Private",19,"0"
"737","Male","Other",9,"Divorced","50000","Pacific",0,"Graduate","Public",7000,15,"Working parttime",0,"Private",80,"0"
"739","Female","White",13,"Married","250000","Pacific",1,"Bachelor","Public",8000,84,"School",0,"Private",50,"0"
"741","Female","White",10,"Never married","50000","Pacific",1,"Bachelor","Public",3000,1,"Unempl, laid off",0,"Government",34,"0"
"742","Female","White",14,"Never married","50000","Pacific",1,"Junior college","Public",5000,38,"Working fulltime",0,"Private",87,"0"
"744","Male","White",19,"Married","0","Pacific",1,"Bachelor","Public",25000,46,"Working fulltime",0,"Private",75,"0"
"745","Female","White",16,"Never married","50000","Pacific",1,"Junior college","Public",20000,35,"Working fulltime",0,"Private",13,"1"
"746","Male","White",23,"Widowed","50000","Pacific",1,"Bachelor","Public",25000,57,"Working fulltime",0,"Private",67,"1"
"747","Female","White",55,"Divorced","Big-city suburb","Middle atlantic",1,"Junior college","Public",25000,46,"Working fulltime",1,"Private",71,"0"
"748","Male","White",15,"Married","0","Middle atlantic",1,"Bachelor","Private",25000,46,"Working fulltime",0,"Government",3,"0"
"752","Male","Other",11,"Married","Big-city suburb","E. nor. central",0,"Bachelor","Private",25000,46,"Working fulltime",0,"Government",59,"1"
"753","Male","White",20,"Married","50000","E. sou. central",1,"Bachelor","Private",25000,73,"Working fulltime",0,"Government",75,"0"
"755","Female","White",14,"Married","50000","South atlantic",1,"Graduate","none",25000,52,"Working fulltime",0,"Private",72,"0"
"760","Female","White",41,"Married","250000","W. sou. central",1,"Bachelor","Public",25000,46,"Working fulltime",0,"Government",88,"0"
"761","Female","Other",22,"Never married","50000","Foreign",0,"Bachelor","none",10000,35,"Working fulltime",0,"Government",88,"0"
"762","Male","White",24,"Married","0","W. sou. central",1,"Bachelor","Public",25000,46,"Working fulltime",0,"Private",72,"0"
"763","Male","White",34,"Divorced","0","E. nor. central",1,"Junior college","Public",25000,84,"Temp not working",0,"Private",59,"0"
"767","Male","White",45,"Never married","0","W. nor. central",1,"Bachelor","Public",25000,40,"Working fulltime",0,"Private",16,"0"
"774","Male","White",37,"Never married","50000","W. sou. central",1,"Bachelor","Public",10000,57,"Working fulltime",1,"Private",45,"0"
"775","Female","White",42,"Married","0","Middle atlantic",1,"Junior college","Private",25000,51,"Working fulltime",0,"Private",83,"0"
"777","Female","White",7,"Never married","0","E. nor. central",1,"Bachelor","Public",20000,40,"Working fulltime",0,"Private",14,"0"
"778","Female","White",21,"Never married","50000","E. nor. central",1,"Bachelor","Private",25000,39,"Working fulltime",0,"Private",46,"0"
"780","Male","White",38,"Married","0","E. nor. central",1,"Bachelor","Public",25000,30,"Working parttime",0,"Private",87,"0"
"781","Female","White",37,"Married","0","E. nor. central",1,"Graduate","Public",25000,41,"Working fulltime",0,"Private",72,"0"
"782","Female","White",37,"Married","0","E. nor. central",1,"Bachelor","Public",25000,35,"Working fulltime",0,"Private",73,"0"
"783","Male","White",41,"Married","0","E. nor. central",1,"Bachelor","Public",25000,35,"Working fulltime",0,"Government",66,"1"
"784","Female","White",46,"Divorced","0","South atlantic",1,"Bachelor","Public",25000,46,"Working fulltime",0,"Government",88,"0"
"785","Male","White",13,"Married","0","E. nor. central",1,"Bachelor","Private",25000,43,"Working fulltime",0,"Private",54,"1"
"786","Male","White",50,"Married","50000","South atlantic",1,"Graduate","Public",25000,69,"Working parttime",0,"Private",3,"0"
"791","Male","White",36,"Married","0","South atlantic",1,"Junior college","Public",25000,63,"Working fulltime",0,"Private",25,"0"
"794","Male","White",17,"Never married","50000","New england",1,"Junior college","Public",25000,35,"Working fulltime",0,"Private",54,"0"
"796","Male","White",32,"Married","0","Middle atlantic",1,"Bachelor","Public",25000,35,"Working fulltime",0,"Government",88,"0"
"797","Female","White",36,"Married","0","Pacific",1,"Bachelor","Public",25000,35,"Working fulltime",0,"Private",76,"0"
"798","Male","White",35,"Married","0","New england",1,"Bachelor","Public",25000,46,"Working fulltime",0,"Private",66,"0"
"801","Female","White",39,"Married","0","Middle atlantic",1,"Bachelor","none",10000,13,"Working parttime",0,"Private",75,"0"
"803","Male","White",17,"Married","Big-city suburb","Pacific",1,"Graduate","Private",25000,35,"Working fulltime",0,"Private",72,"0"
"804","Female","Other",13,"Married","250000","Middle atlantic",1,"Junior college","Public",25000,51,"Working fulltime",0,"Private",49,"0"
"805","Female","White",11,"Never married","0","Middle atlantic",1,"Bachelor","Public",25000,35,"Working fulltime",0,"Private",75,"0"
